time_s,x_m,y_m,z_m,tilt_deg,left_contact,right_contact,max_abs_torque_nm
0.02,-4.3259493146483366e-05,-1.0942760385910672e-05,0.12255115102752707,0.050888949608109815,0,0,0.07215586973238707
0.04,-0.00017837876591460478,-2.7318137646829622e-05,0.11618426326771591,0.18154808602493508,1,1,0.03923927663933006
0.05999999999999999,0.000257483547366034,9.39348202000759e-06,0.1148098539760005,0.0776948392876497,1,1,0.05686737138328391
0.08,0.0010539227542167233,9.400004882520029e-05,0.11551874415085875,0.2818213879364168,1,1,0.07017296094777721
0.10000000000000002,0.001733767568548456,0.0001491119071697426,0.11609657895659933,0.5251133174259278,1,1,0.058700357072599935
0.12000000000000004,0.0021500240263688866,0.00023023055090611117,0.1164090424557129,0.724036163131721,1,1,0.05745002967219853
0.14000000000000004,0.0024287933248087167,0.00029558639841509364,0.11653032848808315,0.8514748751817987,1,1,0.06065265264431838
0.16000000000000006,0.002629862707024953,0.0003400179289596493,0.11655710322576011,0.928746518395382,1,1,0.06262561173724014
0.18000000000000008,0.0027883050900562073,0.0003690713670467104,0.1165525050942447,0.9718398025500357,1,1,0.06495689461351022
0.2000000000000001,0.0028971837191462467,0.0003789367859447396,0.11653170543456028,0.980915213959723,1,1,0.0672269931882944
0.2200000000000001,0.0030150555536258253,0.00039799751667099215,0.11651813256837083,0.9813274125731919,1,1,0.06946013847393383
0.24000000000000013,0.0031600649884908297,0.00042849290115864775,0.11650193569206578,0.9843971447238001,1,1,0.07078457891528235
0.2600000000000001,0.003289885698371745,0.00045737442568484065,0.11647700245348576,0.9820684373432648,1,1,0.07226658258496359
0.28000000000000014,0.0034460303767152637,0.0004977230863422012,0.11645003984412791,0.9862334554490013,1,1,0.07373065545119582
0.30000000000000016,0.0036070216259093606,0.0005511431225885715,0.1164484580356822,0.9931970567198793,1,1,0.07542769546892171
0.3200000000000002,0.0037575230341382855,0.0006110988784022777,0.11645574862048656,0.9939229965695243,1,1,0.07459299001455459
0.3400000000000002,0.003935896007990212,0.0006703319521264096,0.1164499509705322,0.9914444791433251,1,1,0.07425160157197683
0.3600000000000002,0.004119001743355593,0.0007424143966069615,0.11643100074433176,0.9870698741792783,1,1,0.07173747523739803
0.3800000000000002,0.0043565430968531245,0.000812845341851964,0.1164039484518434,0.9821218461138917,1,1,0.07208865532544546
0.40000000000000024,0.004583459398485657,0.0008950115660054871,0.1163680290481318,0.9715715069633358,1,1,0.06995581018940676
0.42000000000000026,0.00482893931481681,0.0009758238673562163,0.11632490160766319,0.9462768008194967,1,1,0.07007330321748793
0.4400000000000003,0.005094341199224541,0.0010620945890792081,0.1162772409624628,0.912752169156894,1,1,0.06921863351911443
0.4600000000000003,0.005365352428098468,0.0011364929020738785,0.11620870562444784,0.8733683446066847,1,1,0.06865077577561739
0.4800000000000003,0.0056574629447738575,0.001147664771958914,0.1161073533286313,0.8226917477219831,1,1,0.07528398581886708
0.5000000000000003,0.0059531422972098,0.0011586959195969612,0.11600812138378999,0.7694497133596574,1,1,0.07744309627838694
0.5200000000000004,0.006235429571543976,0.0012191234564004343,0.11593573747958912,0.7349483278403031,1,1,0.08031713451880909
0.5400000000000004,0.00659768926374251,0.0012405194961585585,0.11583600064828437,0.685765016978425,1,1,0.07707931390320195
0.5600000000000004,0.006875658703515029,0.0013371124375933052,0.11580584161973782,0.6875718252105659,1,1,0.08518466071796302
0.5800000000000004,0.007157445366888965,0.0013959956919164277,0.11573007862701805,0.6739953986679704,1,1,0.08030344286793473
0.6000000000000004,0.007387742339136357,0.0014470195439677187,0.1156792457376271,0.6691684868641821,1,1,0.08024835191002208
0.6200000000000004,0.0075866082150918114,0.0014886955798543795,0.11564374083043163,0.6683343077365013,1,1,0.08284078275281023
0.6400000000000005,0.007755830209224336,0.0015207170270822835,0.11561426398809677,0.6706079899376963,1,1,0.08689062647024463
0.6600000000000005,0.007906027109101377,0.0015372306926471845,0.11558548529804778,0.6703996823257978,1,1,0.08798408946403162
0.6800000000000005,0.008009166095605548,0.0015571274081301175,0.11557291291062344,0.6784848405903743,1,1,0.08831458177354055
0.7000000000000005,0.008121603764239824,0.0015508697723179616,0.11554004171387858,0.6822058715784372,1,1,0.09018919320731837
0.7200000000000005,0.008214616398590346,0.0015542797594087535,0.11552559784033539,0.6979040320256036,1,1,0.09343335601946835
0.7400000000000005,0.008294487315885469,0.0015572231883639231,0.11551638580792256,0.7162360595326682,1,1,0.09476230277539915
0.7600000000000006,0.008366860922198951,0.001567177609236187,0.11550726752607586,0.738464376078515,1,1,0.09447899280991198
0.7800000000000006,0.008432991992866587,0.0015672311034687799,0.11550281093695591,0.75360457277269,1,1,0.09457200177078195
0.8000000000000006,0.008481422709297222,0.0015831447034565934,0.11549855188237682,0.7722892936768105,1,1,0.09562009857927903
0.8200000000000006,0.008543107077229477,0.001576675732404862,0.11547841252253258,0.7812594088624326,1,1,0.095111517971915
0.8400000000000006,0.008582644310693572,0.0015818502475649847,0.11548247876623632,0.7939489928998308,1,1,0.0964357842976942
0.8600000000000007,0.00863757975140563,0.0015695683011056427,0.11546667080186997,0.7983993616895992,1,1,0.09597210258115192
0.8800000000000007,0.008669309700832977,0.0015803044437950457,0.11546687617244394,0.8120962684543794,1,1,0.0977883466830929
0.9000000000000007,0.008715768920051556,0.0015742927415739272,0.1154487655219943,0.8175039159248416,1,1,0.0970008273864111
0.9200000000000007,0.00874129598915826,0.001584539794977186,0.11545353160232322,0.8288919321782295,1,1,0.09795420520698875
0.9400000000000007,0.008782356569939502,0.0015768375273096705,0.11543525448620524,0.8323053906664456,1,1,0.09692726194983059
0.9600000000000007,0.008817861447899603,0.0015787088019638229,0.11543031993049928,0.8440170005559117,1,1,0.09724960176905627
0.9800000000000008,0.00885569032088657,0.0015775862804587673,0.1154285302292056,0.8502453496405561,1,1,0.09711915814996235
1.0000000000000007,0.008875621819426248,0.0015931530356916462,0.11542611354814131,0.8626695313332259,1,1,0.09834059888266333
1.0200000000000002,0.008908696721174291,0.0015888482355576276,0.11541320236016465,0.8713698076355225,1,1,0.09959285327583568
1.0399999999999998,0.008950416860725757,0.0015750403020069182,0.11539953818616663,0.8724703326578993,1,1,0.09672233971644578
1.0599999999999994,0.008995816945931859,0.0015783097192925242,0.11539762231510664,0.8833358915712389,1,1,0.09695960668745168
1.079999999999999,0.009026178567953938,0.001572430385847717,0.1153942806069603,0.8859777486855939,1,1,0.09647244777646206
1.0999999999999985,0.009059849857540285,0.0015715102165316565,0.11538474847601017,0.8948036447781738,1,1,0.09475304524644784
1.119999999999998,0.009095950095045647,0.0015598784320352214,0.11537076673273441,0.8987398156460584,1,1,0.09830297656984123
1.1399999999999977,0.009114162535919871,0.0015564934703260465,0.11537260629476054,0.9044934193029082,1,1,0.09753246398485385
1.1599999999999973,0.009139835203663623,0.001555950349089102,0.11535790544232949,0.9110832374798614,1,1,0.09951878119749809
1.1799999999999968,0.009161383649655887,0.0015523150651260927,0.11535319355398684,0.9198926444998982,1,1,0.10096715950367824
1.1999999999999964,0.009205700161902886,0.001554415577261225,0.1153576505274527,0.934431310431078,1,1,0.10347404837034359
1.219999999999996,0.009288049874639357,0.001551853066719779,0.11535645854116751,0.9527750540647504,1,1,0.10313813500807523
1.2399999999999956,0.009352181872200842,0.0015924546037770508,0.11537712161646581,0.9854444637572897,1,1,0.10568202846554083
1.2599999999999951,0.009421216720489364,0.0016301961539879214,0.1153766004644634,1.0118391770614907,1,1,0.10446871975320979
1.2799999999999947,0.009467586750467289,0.001660976968316831,0.11534977148764651,1.0328283781184484,1,1,0.10277320041663314
1.2999999999999943,0.00949224368110974,0.0016829341027189042,0.11533061032974533,1.0449853020967805,1,1,0.10128566021729374
1.3199999999999938,0.009519643770334848,0.0016698061166231497,0.1153076327770816,1.046539116155823,1,1,0.1009215829605751
1.3399999999999934,0.009550726774427348,0.00164121552207871,0.11528356277909348,1.042158713541449,1,1,0.10033844157566327
1.359999999999993,0.00956551978374792,0.001625616540152112,0.11527051243354483,1.03873831598884,1,1,0.10174817081145972
1.3799999999999926,0.009561225957902387,0.0016297794878910334,0.11527350085371543,1.0371893897558593,1,1,0.10547999332554213
1.3999999999999921,0.009583963278707598,0.0016075600290284744,0.1152637870776679,1.032528431717824,1,1,0.10876532808818563
1.4199999999999917,0.009608858742916442,0.0016009661860288745,0.11525347791448798,1.0280601968466527,1,1,0.1061399501204485
1.4399999999999913,0.009619186780518261,0.0016084089647262114,0.11524754725202872,1.0265360056063901,1,1,0.10378804019817191
1.4599999999999909,0.00962256146851016,0.0016201465270480478,0.1152520533916167,1.0289761774825221,1,1,0.10545888177281022
1.4799999999999904,0.009642627667279358,0.0016133613595822453,0.11523902154905342,1.0276666675562527,1,1,0.10596129410679438
1.49999999999999,0.009654320103871968,0.001615845685626323,0.1152394095102119,1.031129119791051,1,1,0.10778948630596143
1.5199999999999896,0.009670325075261466,0.001623834837176497,0.11523643020498826,1.032003986242326,1,1,0.10778720905009875
1.5399999999999892,0.009669538732932793,0.0016443308714408974,0.11524336404281521,1.0352110543387831,1,1,0.10767469550868997
1.5599999999999887,0.009687525875343357,0.0016375532064619805,0.11522822650738727,1.03247995318166,1,1,0.10670043071645685
1.5799999999999883,0.009686532831575336,0.0016496167926450531,0.11523449619742729,1.0344059846411204,1,1,0.10907134993416477
1.5999999999999879,0.009704778564722334,0.0016410504176967706,0.11522056093747231,1.031586416601895,1,1,0.10858208308156854
1.6199999999999875,0.009704455195174553,0.0016548973622145192,0.11522797890692747,1.0342075233192174,1,1,0.11054739248919832
1.639999999999987,0.009723941192988058,0.0016497829777771538,0.11521447444264671,1.0327019379118423,1,1,0.10950542689961693
1.6599999999999866,0.009725719309028694,0.0016661975342611881,0.11522234205319018,1.0365754804200873,1,1,0.11094276635363352
1.6799999999999862,0.009732769102381238,0.0016792499094425632,0.11522374020065305,1.0384203174555857,1,1,0.10963556576454667
1.6999999999999857,0.00974808752327699,0.0016824785217015535,0.11521401260529823,1.0362233752861334,1,1,0.10630009234057794
1.7199999999999853,0.009750541478873236,0.001690665067143247,0.11521319195246918,1.036418547875596,1,1,0.10552829728476817
1.739999999999985,0.00976047036519472,0.0016886697501507558,0.11520422188099023,1.0341352528522147,1,1,0.10556837326426219
1.7599999999999845,0.009757025004569129,0.001697884890817536,0.11520798724628033,1.0344769119550625,1,1,0.1077820523069317
1.779999999999984,0.009774755912982507,0.0016824597028772738,0.11519163576374004,1.0315097210392736,1,1,0.10823835348870976
1.7999999999999836,0.00977627481441188,0.0016921546525181248,0.11519870387456874,1.034059575666068,1,1,0.11152603918848937
1.8199999999999832,0.009784130836574553,0.0017017685141036175,0.11520035530023824,1.0357914443327192,1,1,0.11098515244778676
1.8399999999999828,0.009786788229716169,0.0017206158331936328,0.1152048264971744,1.035789797214908,1,1,0.1076806242568644
1.8599999999999823,0.00980419485558193,0.0017162643639853398,0.11518643292594317,1.0293293378936195,1,1,0.10148305013355172
1.879999999999982,0.009796548590003293,0.0017274227631574079,0.11518847497867239,1.0290549384313303,1,1,0.10207633426292735
1.8999999999999815,0.00981030424688963,0.0017104017250396627,0.1151733809115018,1.026741196020601,1,1,0.10408885733440386
1.919999999999981,0.009813905474169788,0.0017097249847970665,0.11517264628728262,1.0272046414456106,1,1,0.10648674426673853
1.9399999999999806,0.009820368592118002,0.001709809104138615,0.11516276425121223,1.0222877369784922,1,1,0.10777125039590957
1.9599999999999802,0.009815225595298351,0.0017215485744968286,0.11516763510914639,1.020989361179522,1,1,0.1102854511233331
1.9799999999999798,0.009818665212385334,0.0017271643800066475,0.11517002583706842,1.0204260860003491,1,1,0.11278854042311728
1.9999999999999793,0.009831313280979906,0.0017277014183805781,0.11516576721337957,1.0193694154279493,1,1,0.11148848822132373
2.019999999999979,0.00984361407617602,0.001735199148830678,0.11515884627598288,1.0190190445144036,1,1,0.10752648074345278
2.0399999999999787,0.009848959864473384,0.0017425397047453508,0.11515636381551186,1.0202687141130629,1,1,0.10735012740190555
2.0599999999999783,0.009858861702959307,0.0017419532685347464,0.11514444118833325,1.0159396412113368,1,1,0.10780306229415293
2.079999999999978,0.009844643546654963,0.0017676321532054727,0.1151641368996595,1.0165450441826411,1,1,0.11094253660161388
2.0999999999999774,0.009852760276817796,0.0017654998100195835,0.11514905226042664,1.0111234725544627,1,1,0.10802153632400632
2.119999999999977,0.009854684689625392,0.0017626651936701696,0.11514405655531938,1.0088618334281687,1,1,0.10927721246858178
2.1399999999999766,0.00986243966965452,0.001756629913756338,0.11513193690434825,1.0024328225371606,1,1,0.11023038706991467
2.159999999999976,0.009860846914708522,0.0017640852508816476,0.11513647508464206,1.0020195178966451,1,1,0.11356275562068097
2.1799999999999757,0.009851809002600374,0.0017873912802285538,0.1151413221852987,1.000747260183197,1,1,0.11592487430995146
2.1999999999999753,0.009857609764118811,0.001789424124357283,0.11513263910640571,1.000672230000778,1,1,0.11568493849580888
2.219999999999975,0.009857818905492801,0.0018078690989637577,0.1151376506082138,0.9998364450381304,1,1,0.1145434797076874
2.2399999999999745,0.009860959622756047,0.0018237755253381065,0.11514103101553076,1.000707938824809,1,1,0.11091111408921585
2.259999999999974,0.009872161589074134,0.0018251509361841218,0.11512749874189503,0.9983428006548186,1,1,0.10706584644835992
2.2799999999999736,0.009871135250931007,0.0018336018653886032,0.11512834473554653,0.9976326280628547,1,1,0.11024667788735178
2.299999999999973,0.009866458703966746,0.0018461196492356336,0.11512957441691862,0.9947460930726789,1,1,0.11346138164855288
2.3199999999999728,0.00985823007204055,0.0018587673080055491,0.11512861993558354,0.9908635439384028,1,1,0.11512654288512453
2.3399999999999723,0.009856115377207526,0.0018608003690144155,0.11512463109748819,0.9892959784615729,1,1,0.11653208407938548
2.359999999999972,0.00986238684350722,0.0018586248929028618,0.11511797918447712,0.9884101092336088,1,1,0.11704134408624497
2.3799999999999715,0.009866446291381283,0.001871445607142355,0.1151211946010616,0.987884905004543,1,1,0.1155504826351316
2.399999999999971,0.009869489628466392,0.0018893877718475967,0.11512318968536488,0.9867310542494007,1,1,0.11231787214480807
2.4199999999999706,0.009861168717126632,0.0019176534294020227,0.1151304294830832,0.9851527570827077,1,1,0.10972028561195836
2.43999999999997,0.009854236496740831,0.0019286564878124928,0.11512609952582384,0.9811588562089119,1,1,0.10880431604938465
2.4599999999999698,0.009847663055163791,0.0019297560801699895,0.115121474728735,0.9760782619350027,1,1,0.11041553407915848
2.4799999999999693,0.009841565484522741,0.001928242681562994,0.11511816890805825,0.9708435612781529,1,1,0.11243330620433964
2.499999999999969,0.00984437774232565,0.001921007708053362,0.11511561643485954,0.9675990736511912,1,1,0.11415180874614647
2.5199999999999685,0.009846732167726614,0.001926199527650113,0.11511674881029856,0.9662813529504652,1,1,0.1140409611627975
2.539999999999968,0.00984945496095325,0.0019368954236666815,0.11511693021901286,0.96564367522882,1,1,0.11272652712285348
2.5599999999999676,0.009852616201522505,0.0019474695203519161,0.11511576487913139,0.9655276764658818,1,1,0.11154753368942631
2.579999999999967,0.009856282462039965,0.0019554520892947824,0.1151137135690406,0.96569523974311,1,1,0.11089610472373657
2.599999999999967,0.009860487326184605,0.0019610788760162073,0.11511130105195198,0.9658890964371316,1,1,0.11076592100004096
2.6199999999999664,0.00985781536436416,0.001973170552214751,0.11510961614519839,0.9640886431771276,1,1,0.11058255010229903
2.639999999999966,0.00984568155206324,0.0019975001346550746,0.11512909567033106,0.9591909464570146,1,1,0.11144899682738729
2.6599999999999655,0.009837829406233307,0.002006605345233154,0.11513016233528206,0.9518178067395997,1,1,0.10913095633683302
2.679999999999965,0.00983903445183092,0.002000606564515774,0.11513715052481525,0.9463981438892306,1,1,0.11117992692075496
2.6999999999999647,0.009832172076975485,0.001999727775816662,0.11511879800006973,0.9401614277397311,1,1,0.10702212977147758
2.7199999999999642,0.009826230426978503,0.001990716673138315,0.11510245369950019,0.9352970071280085,1,1,0.10517448788508703
2.739999999999964,0.009833882122779388,0.0019673196242192227,0.11507902837919472,0.9312204933829732,1,1,0.10512427733624488
2.7599999999999634,0.009836844944858099,0.0019640100826699117,0.11507768251606248,0.9332934489197285,1,1,0.11053092197525678
2.779999999999963,0.009840735614717934,0.001974011183146976,0.11507984945425342,0.9361565105829616,1,1,0.1135393477519294
2.7999999999999625,0.009845213394033785,0.001988980672739862,0.11508133240158532,0.9387554650657409,1,1,0.11441747764225746
2.819999999999962,0.00983893571852768,0.002019829938833777,0.11509682746708662,0.9409774013181531,1,1,0.11472719795325137
2.8399999999999617,0.009838931811799576,0.002034546074554048,0.11509201656838891,0.9386080782482613,1,1,0.1079268946083809
2.8599999999999612,0.009830979263003315,0.0020453758137932375,0.11508798258388551,0.9356645652986931,1,1,0.10353072115914201
2.879999999999961,0.009825730560808767,0.0020396644721824217,0.1150791783141626,0.9320892914670995,1,1,0.10357873611656472
2.8999999999999604,0.00981373788330567,0.002043043576790954,0.1150801151599449,0.928468974718561,1,1,0.10690325432112889
2.91999999999996,0.009806344442608826,0.0020378265058631395,0.11507305060325236,0.9234354494359731,1,1,0.10856938525295298
2.9399999999999595,0.009801850874632465,0.0020323670674780477,0.11506781086499066,0.919308378130752,1,1,0.11113995890266083
2.959999999999959,0.009808915092239051,0.0020183021916928712,0.11505744407945122,0.9179155453117775,1,1,0.11259031927364478
2.9799999999999587,0.009815378303944876,0.00202125669571467,0.11505892743782704,0.9206142289520779,1,1,0.11306268564267075
2.9999999999999583,0.009822465437276362,0.002032552158884786,0.11506004775961752,0.9246830998997185,1,1,0.11100244947765618
3.019999999999958,0.009830326944664815,0.0020446126130868117,0.11505956729382573,0.9292237287938486,1,1,0.108932885927069
3.0399999999999574,0.009832717366874286,0.002059582993701699,0.11505716093816133,0.9301168252954664,1,1,0.10759084265263781
3.059999999999957,0.009820785532393773,0.0020850822401817025,0.11506188926697773,0.926425488581045,1,1,0.10834030282603341
3.0799999999999566,0.009794446316151907,0.0021158027647575177,0.11507656625083838,0.91872473472133,1,1,0.1111607962710705
3.099999999999956,0.009777822146594336,0.002112899796955492,0.11506505266221143,0.9062747631562849,1,1,0.11065527899459114
3.1199999999999557,0.009774153902751824,0.0020842352977025534,0.11504744998144649,0.8962014919810994,1,1,0.11267376028700507
3.1399999999999553,0.0097809116003154,0.0020600830852353625,0.11504156021761748,0.8930405488823183,1,1,0.11530602468861223
3.159999999999955,0.009788891299764346,0.0020611775855094838,0.11504430371207827,0.8954128705823259,1,1,0.11365129999903081
3.1799999999999544,0.00979841799992114,0.0020737276911807307,0.11504525143466386,0.900705493307478,1,1,0.10995408139814451
3.199999999999954,0.009809541524207238,0.0020864981228891147,0.1150434750743399,0.9075375918329055,1,1,0.1068027556959687
3.2199999999999536,0.00980776313558817,0.0021091611262260223,0.11504190184171284,0.9101126191075287,1,1,0.10413907250183893
3.239999999999953,0.009795081619069435,0.00213064775168779,0.11504223929161406,0.9070739675037695,1,1,0.10565000247813408
3.2599999999999527,0.00977782142797377,0.00214226484020986,0.11504747030039006,0.9012621430755217,1,1,0.11030547597550405
3.2799999999999523,0.009767879941393139,0.002133736491216526,0.1150380475339709,0.8930037218746145,1,1,0.11019049794958996
3.299999999999952,0.009770233379287532,0.0021095885555702577,0.11502641516372816,0.888170361948315,1,1,0.1118376936293794
3.3199999999999514,0.00977442518852937,0.0021008753890152288,0.11502439324438486,0.8882040569275451,1,1,0.11231975531482313
3.339999999999951,0.009780944843849088,0.002103485908122209,0.11502339024503083,0.8912227986771701,1,1,0.1107543610743921
3.3599999999999506,0.009789544917185594,0.002110857220638826,0.11502155408662387,0.8961805507209929,1,1,0.10883821216040697
3.37999999999995,0.009792024604740752,0.0021284929373703264,0.11502239504306204,0.9006071164072573,1,1,0.10644392548526664
3.3999999999999497,0.009791747901838949,0.002139492833746994,0.11501627636528101,0.9006617111529405,1,1,0.1062572390293141
3.4199999999999493,0.009778649522093385,0.002159040992381338,0.11501899248767118,0.896176863789445,1,1,0.10915151501243393
3.439999999999949,0.009752522710128846,0.002186010820641899,0.11503340991807827,0.8877129066887298,1,1,0.11376154812347421
3.4599999999999485,0.00974480337148953,0.0021685098515002313,0.1150143873288592,0.8770994701079823,1,1,0.11400169360696093
3.479999999999948,0.009751941971126214,0.0021354270442231,0.11499219799792347,0.8694776278955825,1,1,0.11564599764418514
3.4999999999999476,0.009754886235222934,0.002127182754847575,0.11499138956063784,0.8702993104212463,1,1,0.12355971776013086
3.519999999999947,0.009758187784163149,0.0021443520244955033,0.11500640665870807,0.8774671804577661,1,1,0.12826071412303353
3.5399999999999467,0.009771514147631187,0.002167564977975574,0.11500767366749952,0.8843935853847227,1,1,0.12110207487235475
3.5599999999999463,0.009780268407383231,0.002197392419986027,0.11500953494436321,0.8901038657935572,1,1,0.11398903252247113
3.579999999999946,0.009775102663343319,0.002239731062635458,0.11502823046106034,0.8928705443715969,1,1,0.11068676947165777
3.5999999999999455,0.009770396434176898,0.0022534300331343575,0.11501735950273527,0.8896031056147667,1,1,0.1035179724726316
3.619999999999945,0.009757049716310957,0.00225264843209044,0.11500508559355418,0.8820570748311255,1,1,0.10294643343769733
3.6399999999999446,0.009750813835795158,0.002229061110394642,0.11499035866450324,0.8744227687418674,1,1,0.10830337030537186
3.659999999999944,0.009740319318660148,0.0022222484121192806,0.11499115963998666,0.8685578455411901,1,1,0.11464981721911845
3.6799999999999438,0.009744213986066867,0.002208718470744921,0.1149860686082416,0.8659658221776917,1,1,0.11875870852598688
3.6999999999999433,0.00975095351563288,0.0022095807947932855,0.1149855944194525,0.8677389753059875,1,1,0.12127919629793797
3.719999999999943,0.00976085112809055,0.0022192950921881994,0.11498550451684503,0.8725185118873818,1,1,0.12173603174145406
3.7399999999999425,0.009764271564666641,0.002248725177844053,0.11500054328260435,0.8777851534515925,1,1,0.1213394595213568
3.759999999999942,0.009768748140175474,0.002272804148485409,0.11499755624488987,0.8788480058169742,1,1,0.11305655443350272
3.7799999999999416,0.009763839499841939,0.002293224970858496,0.11499257016867137,0.8752357809691597,1,1,0.10804709799861682
3.799999999999941,0.009749636954970138,0.00230921006863812,0.1149921447906723,0.867304640255992,1,1,0.10960659686370469
3.8199999999999408,0.009724226521483475,0.002327936340161368,0.1150037426674884,0.8575346671791589,1,1,0.1151017135469055
3.8399999999999403,0.009709589377644746,0.002316188578539315,0.11499101856743098,0.8453223384169204,1,1,0.11639209686019969
3.85999999999994,0.009722381000306384,0.0022670165118659287,0.11495776014037655,0.8366138395757146,1,1,0.11942696086949313
3.8799999999999395,0.009730941339935418,0.002253590823039715,0.11495676346068288,0.8410341463286968,1,1,0.12891453695863056
3.899999999999939,0.00974401163640508,0.0022681916162561196,0.11495830032229525,0.8518405072796402,1,1,0.13299330254711253
3.9199999999999386,0.009745087430942656,0.0023263361798776185,0.11498309670194762,0.8618979618875918,1,1,0.13327770674963613
3.939999999999938,0.009751585885984782,0.002379243523564348,0.11499234964335554,0.8712243151919934,1,1,0.1260541263535716
3.959999999999938,0.009749220006632628,0.002420191532221125,0.11498550453203714,0.8690972972765888,1,1,0.11462497618648877
3.9799999999999374,0.009734996194844357,0.00245601364843962,0.11501018972277928,0.8613170783452727,1,1,0.11277111512402022
3.999999999999937,0.009725216308761862,0.002451941309244513,0.11500532684341613,0.8494730691129991,1,1,0.11636370919456875
4.0199999999999365,0.009720421326463039,0.002422820434382625,0.11498138342551681,0.8374289738419289,1,1,0.11466492993766396
4.039999999999936,0.009720550603310684,0.002396425824917663,0.11496719459746357,0.8302254855763318,1,1,0.11465046023601941
4.059999999999936,0.009725250016609809,0.0023840390083782166,0.11496130921896185,0.8288504164387829,1,1,0.1144430446894117
4.079999999999935,0.00973432534626787,0.0023845897053836234,0.11495903345435181,0.8322040268256446,1,1,0.11289923090543956
4.099999999999935,0.00974734308227649,0.002392233530253688,0.11495747315603486,0.8388963947615583,1,1,0.1107952472580986
4.119999999999934,0.009749902017840447,0.002416989731752359,0.11495820797972234,0.842689402270561,1,1,0.10814326466372881
4.139999999999934,0.009732647017971564,0.0024608512258049164,0.11497684386115019,0.8435426340670052,1,1,0.1090440479898334
4.1599999999999335,0.00972093562915578,0.002468529534774341,0.11496351583135775,0.8350341588129672,1,1,0.10588330407147369
4.179999999999933,0.009701117839935429,0.002471967922688734,0.11495985854071186,0.8239734592138752,1,1,0.10969836986573056
4.199999999999933,0.009690570208476178,0.0024543252766779855,0.11494795510239268,0.8123281608145133,1,1,0.11643959675129151
4.219999999999932,0.009684731340799639,0.0024374962566711517,0.11493933662729794,0.8067872688322522,1,1,0.1244126224653256
4.239999999999932,0.009692692728668555,0.0024226593840797894,0.11493240515460908,0.8103684999893711,1,1,0.1302675012596887
4.259999999999931,0.009706760385916169,0.0024303484091793585,0.11493340411709392,0.8213698530384895,1,1,0.13209263248226952
4.279999999999931,0.00972037299584357,0.0024603415663828647,0.11493555167468046,0.8333823353577826,1,1,0.13094195572945894
4.2999999999999305,0.009715294754696024,0.002528611264693354,0.11497174057731016,0.8422537089028758,1,1,0.1304207367912136
4.31999999999993,0.009720064984117776,0.0025591116354090992,0.11496143172306982,0.8431067758623229,1,1,0.11743100165147598
4.33999999999993,0.009703379548771755,0.0026008201270331624,0.11498102507022047,0.8374503109622606,1,1,0.11139011093429739
4.359999999999929,0.009697452644376237,0.0025901115500569388,0.11497057529277481,0.826824802255767,1,1,0.11043839620114768
4.379999999999929,0.009682657434544427,0.002586643661633835,0.11497044560182638,0.815879168902831,1,1,0.11685302619524891
4.399999999999928,0.009675399134049243,0.0025622044055646975,0.11494873920329177,0.8051048762128363,1,1,0.11690175509029571
4.419999999999928,0.009686809047828336,0.0025228583054140484,0.11492001744531648,0.7979999888102798,1,1,0.1183433781781674
4.439999999999928,0.009698646093867013,0.0025118138408806263,0.11491685902603381,0.8021458102141185,1,1,0.12677317571147256
4.459999999999927,0.009696667178942433,0.002551995883961423,0.11494099376217332,0.8106574128632416,1,1,0.1313008131965863
4.479999999999927,0.009706768815793881,0.002579046536611215,0.11493574474369851,0.8196176827653021,1,1,0.126021414872172
4.499999999999926,0.00970902723896354,0.0026153484609289534,0.11494670328478065,0.8265153674876545,1,1,0.12293702164269599
4.519999999999926,0.009699871125646724,0.0026515509024349782,0.11494772836893649,0.8251855108548004,1,1,0.11522790395663535
4.539999999999925,0.009692153508070615,0.0026630577480715634,0.11495672078047138,0.8194835704403612,1,1,0.11559502697676043
4.559999999999925,0.009683066629748818,0.0026607170073725483,0.11494806132059367,0.8102591232546746,1,1,0.11641190304625865
4.579999999999925,0.009674903000919775,0.0026480224523567227,0.11493288487930516,0.80006725078639,1,1,0.12002705447630986
4.599999999999924,0.0096632925233472,0.002645127921999004,0.11493549775809726,0.7955955242154762,1,1,0.1262473594082144
4.619999999999924,0.009671541686137052,0.002626787419433486,0.11492332207663163,0.7943252588427414,1,1,0.12392151479669762
4.639999999999923,0.009687621867591322,0.002622352213707722,0.114921452720337,0.7987408848338349,1,1,0.1205632270936548
4.659999999999923,0.00970060927630308,0.0026392107174592495,0.11492480530817327,0.8066546910256327,1,1,0.11617451193736882
4.6799999999999224,0.009696044619321506,0.0026855410675042097,0.11494480750462172,0.813406578391317,1,1,0.11335460366059129
4.699999999999922,0.009687561731874446,0.0027167997397266243,0.11494464363291101,0.8127515904013755,1,1,0.10626556626399579
4.719999999999922,0.009673029385170038,0.0027297065417994197,0.11494458055590139,0.8082579031259858,1,1,0.10743219854740076
4.739999999999921,0.009666072305289352,0.002722126691378883,0.11494510971351132,0.8003110154905451,1,1,0.10660663347062951
4.759999999999921,0.00965841771953967,0.002712683771028061,0.11494177428193743,0.7943148022731666,1,1,0.11191910378971817
4.77999999999992,0.009652308413915279,0.002701732085432689,0.11492788950188015,0.7875980990121033,1,1,0.10962442291385331
4.79999999999992,0.009654443403731174,0.00268512121233348,0.11491573637893122,0.784817359327965,1,1,0.11002786941080253
4.8199999999999195,0.009663794720586195,0.002674608945595884,0.11490939838729494,0.7873113285240113,1,1,0.11113946182390501
4.839999999999919,0.009671439985850863,0.0026834608251874253,0.1149102371323522,0.7927064443786235,1,1,0.11042210911284703
4.859999999999919,0.00967130951120152,0.0027081814006778048,0.1149143249362034,0.7961647472001726,1,1,0.1104668910026969
4.879999999999918,0.009655538896861075,0.0027504562658870594,0.11493253354218338,0.7968630801901392,1,1,0.11303871994982194
4.899999999999918,0.009643245892507809,0.002766528732379137,0.11493477625718798,0.7921211595625663,1,1,0.11228118565331194
4.919999999999917,0.009633046643808546,0.0027598742403963303,0.11492110615649502,0.7834184870360557,1,1,0.10808866371150083
4.939999999999917,0.009635030398072736,0.0027302279492473834,0.1148958844520447,0.7740001482015756,1,1,0.10813579339783255
4.9599999999999165,0.00963165334121899,0.0027264479135739503,0.11490557905195295,0.773101592258357,1,1,0.11883628302916321
4.979999999999916,0.00963751381156568,0.002724149158148523,0.11490221796957098,0.7744200614227432,1,1,0.11882637359636926
4.999999999999916,0.00965018269198605,0.002724833451892049,0.11489907722274534,0.7792905978115069,1,1,0.11779405363242967
5.019999999999915,0.009660526117680108,0.002742225186424731,0.11490504585189183,0.7863358792162132,1,1,0.11690360861131921
5.039999999999915,0.009669277882995058,0.0027670829578875676,0.11491740569459237,0.793439391449353,1,1,0.11698523353156834
5.059999999999914,0.009664435685135185,0.00279725444841409,0.11491401912420461,0.7922428127268611,1,1,0.109987994408484
5.079999999999914,0.009642911856056266,0.0028293013234405155,0.11492637765157096,0.788331555480502,1,1,0.11006944763702686
5.0999999999999135,0.009628020933869635,0.0028228947653724063,0.11490987574756771,0.7757951079814843,1,1,0.10828933461039202
5.119999999999913,0.009607213058225279,0.0028171902594516574,0.11490518359623378,0.7626721616848928,1,1,0.1129460476872107
5.139999999999913,0.009603818007342987,0.0027853355496835672,0.11489010412035726,0.7528780936248979,1,1,0.1203820497704311
5.159999999999912,0.009615453506856024,0.0027611060323984673,0.11488528270216691,0.7536110068285968,1,1,0.12706918017576987
5.179999999999912,0.009632550127212789,0.00276325362876964,0.11488659201432369,0.7633046749256845,1,1,0.12887312044899676
5.199999999999911,0.009647529285535687,0.0027954409080131635,0.1149033949886956,0.777431834944776,1,1,0.12762198414800108
5.219999999999911,0.00966446252606133,0.002825509629063647,0.11490214662909111,0.7867566926886704,1,1,0.11756697184916867
5.2399999999999105,0.009649261691691955,0.0028888256966890457,0.1149227226541632,0.7913886414206781,1,1,0.11118127739876545
5.25999999999991,0.009639678014492547,0.002901549425257419,0.114912500450779,0.7862545900775011,1,1,0.10650978464758129
5.27999999999991,0.009624171747948777,0.002901521201792829,0.11491216854700369,0.7779668163078878,1,1,0.11021526916218496
5.299999999999909,0.009611767167837891,0.002886638978342318,0.11490093920491694,0.7669755808386273,1,1,0.10934850625351887
5.319999999999909,0.009608733361028536,0.002860937888732465,0.11488857692954284,0.7591475405941807,1,1,0.1123244525822849
5.339999999999908,0.009625214564731201,0.002826022258393791,0.11486669766834316,0.7559151307398795,1,1,0.11568250925242914
5.359999999999908,0.009625066422822895,0.002848592290250433,0.11489024762071288,0.7625372391778332,1,1,0.12507997944521507
5.3799999999999075,0.009635956381461521,0.002864087865229912,0.11488776687414587,0.769131246623238,1,1,0.1235247296273885
5.399999999999907,0.009637504808527203,0.0028956976221714307,0.11489973965767566,0.7756726091436172,1,1,0.12255058002341322
5.419999999999907,0.009633377928700827,0.002925878699529157,0.11490275622713031,0.7770003582179164,1,1,0.11557412252716055
5.439999999999906,0.009615718839069884,0.002953333316507048,0.11490849874388154,0.7736062245937113,1,1,0.11472570444802865
5.459999999999906,0.00960302957422677,0.0029525187175954114,0.11490064823798993,0.7647145430450227,1,1,0.11291275363455106
5.479999999999905,0.00960115254570661,0.0029304200887364487,0.11488760785260323,0.7559333012998879,1,1,0.11609052265362042
5.499999999999905,0.009608476343760114,0.0029034808389721946,0.1148722115381957,0.7509409659882883,1,1,0.12080179770794368
5.5199999999999045,0.009612781024112416,0.0029042264959047953,0.11487655330561472,0.7531767685811728,1,1,0.12420434144270584
5.539999999999904,0.009624539053865414,0.002907507417488767,0.11487335098244542,0.7592074423637789,1,1,0.12594301356671453
5.559999999999904,0.009635760980046537,0.002923556249644027,0.11487276045230163,0.7672738554044104,1,1,0.1274090986020978
5.579999999999903,0.009629554697521896,0.00297800115855842,0.11490748839044357,0.7755289962186311,1,1,0.12950129326721563
5.599999999999903,0.009621138437013666,0.0030081113615821873,0.11489921737206107,0.7738819205265437,1,1,0.11758327077213969
5.619999999999902,0.009609694092366294,0.003016410038594483,0.1148908819579069,0.7668864804500782,1,1,0.11417397895841393
5.639999999999902,0.009602544784680386,0.003005016692857285,0.11487947083753378,0.7570485527071869,1,1,0.11807742322619129
5.6599999999999016,0.009585858765436578,0.0030123243484897855,0.11489135062098137,0.751708980492559,1,1,0.12549229810418427
5.679999999999901,0.009589166349585145,0.002989322080554393,0.11487191641277741,0.7479066313202046,1,1,0.12531591851528823
5.699999999999901,0.009602026738205495,0.0029761524311078627,0.11486721726013198,0.7505478568967414,1,1,0.12514955792323967
5.7199999999999,0.009614111781026651,0.002988623426778373,0.11487403886061004,0.7581740655920859,1,1,0.12364434169519682
5.7399999999999,0.009626145643432983,0.0030138974348468774,0.1148871122334924,0.767535187548247,1,1,0.12246456118730734
5.759999999999899,0.009623385964530834,0.0030538041967319964,0.11489229183350858,0.7719186012509314,1,1,0.11412524375610199
5.779999999999899,0.00960842142476193,0.00308419016695088,0.11489647735405054,0.7705919070998837,1,1,0.11256578912558766
5.799999999999899,0.009599317441348667,0.003083554890424991,0.11488816591749199,0.7629680905771015,1,1,0.11101545363946087
5.819999999999898,0.00958738067270011,0.0030765823203357757,0.11487761948857982,0.7519056251140167,1,1,0.11447350276872192
5.839999999999898,0.009567593387740462,0.0030828566332172383,0.11488802360534957,0.7444383074850496,1,1,0.12220917832713038
5.859999999999897,0.009560571976187314,0.003068813561294286,0.11487546245633866,0.7369905015171714,1,1,0.12304054664788462
5.879999999999897,0.00957302592134625,0.0030405586778703047,0.11485922250255685,0.7353872672187598,1,1,0.12498170742725434
5.899999999999896,0.009584636757272757,0.003045935367873407,0.11486604224788234,0.7420607629609167,1,1,0.12539973827666429
5.919999999999896,0.009596879558844699,0.003070540110415915,0.11488008206481255,0.7522498504172991,1,1,0.12439019411264349
5.939999999999896,0.009611255420637031,0.0030909225832769574,0.11487680711511346,0.7592069385336593,1,1,0.11562300446134666
5.959999999999895,0.009595078268282856,0.003147347826780361,0.11489680830750328,0.7633294434128354,1,1,0.11045789671774908
5.979999999999895,0.009585633271392415,0.0031568610636572647,0.1148863429440082,0.758280473421276,1,1,0.10647126551957364
5.999999999999894,0.009565023968310863,0.003165716473007506,0.114889056441379,0.74986415233899,1,1,0.11013162062194498
6.019999999999894,0.009553788341891732,0.0031507197671587755,0.11488450938674778,0.7379044537066808,1,1,0.11092398382209659
6.0399999999998935,0.009544024492774675,0.0031400816858134285,0.1148879582925997,0.7301391499458266,1,1,0.11800727186823036
6.059999999999893,0.009545639437563756,0.0031207324469086114,0.11487212917803065,0.7243329178528648,1,1,0.1161024741145684
6.079999999999893,0.009556401305988504,0.003107089829680862,0.1148627218887434,0.7248189650684124,1,1,0.11519740935439958
6.099999999999892,0.009574812598928574,0.0031043630492932637,0.11485892209372928,0.7317064042293449,1,1,0.11394257197432982
6.119999999999892,0.009585985471340859,0.0031261367736667403,0.11486037987189167,0.739010595203532,1,1,0.11153534816717892
6.139999999999891,0.009573368829233377,0.0031833713564232476,0.11488722500151322,0.7458656788579135,1,1,0.11202242651796311
6.159999999999891,0.009558639505776019,0.0032091872219700084,0.11488726484366764,0.7438653888818995,1,1,0.10967424769386411
6.1799999999998905,0.009549328166974081,0.0032026182084888156,0.11487311130995971,0.7355789092608619,1,1,0.10646817557672549
6.19999999999989,0.009544431852818853,0.003181242529832723,0.11485833661231297,0.7262313619861102,1,1,0.10974293331727843
6.21999999999989,0.009533975320322869,0.0031787559973072855,0.11485862747522073,0.7192148720620962,1,1,0.11559007729536488
6.239999999999889,0.009534384441987342,0.003165988838254645,0.11484929639035556,0.714148872837683,1,1,0.12201636767583844
6.259999999999889,0.009532419790251753,0.0031731492002371148,0.11485877210434477,0.7169441681166501,1,1,0.12860378964127814
6.279999999999888,0.009541724035848017,0.0031753024644091887,0.11485331389304153,0.7215266724904588,1,1,0.12495227951558155
6.299999999999888,0.00956046425299915,0.00317620606035512,0.11484934474255652,0.7290929338943928,1,1,0.12221026785523563
6.3199999999998875,0.009580113036382778,0.00318559147773085,0.11484712368144351,0.7372583092305347,1,1,0.12029571148691967
6.339999999999887,0.009573868162148365,0.00324110911225916,0.11487678639156976,0.7461697115917073,1,1,0.11988785328444093
6.359999999999887,0.009556751649522018,0.0032783512820284528,0.1148803761844569,0.7456956903875457,1,1,0.11587038353719897
6.379999999999886,0.009546121378126314,0.0032771712893866147,0.11486966591022603,0.7372742169536511,1,1,0.11300373060071518
6.399999999999886,0.009529985292339251,0.003273766906583066,0.114870698780756,0.72821982613262,1,1,0.11638060195514809
6.419999999999885,0.009526258547906181,0.0032503007653409263,0.11485720523104748,0.7184373589017776,1,1,0.11453965270594833
6.439999999999885,0.009531569595441033,0.003228451225393011,0.11484832197417023,0.7146629666922253,1,1,0.11460401409026076
6.4599999999998845,0.009544847128587726,0.0032181765812077504,0.11484441878237513,0.717804383454451,1,1,0.1145153771865167
6.479999999999884,0.009556852894999577,0.0032294707685719196,0.11484642877501712,0.7253209453894149,1,1,0.11276959915819453
6.499999999999884,0.009552832541354547,0.0032722570432677065,0.11486648970840889,0.7330795059197109,1,1,0.11199774401651674
6.519999999999883,0.009545177020893797,0.0033016563129172624,0.11486629870297466,0.7341604854119888,1,1,0.10596798453696485
6.539999999999883,0.009532789973919575,0.003314553349001158,0.11486663889675644,0.7311551876544011,1,1,0.10803481723563517
6.559999999999882,0.00952485368488752,0.003306104579919865,0.11485494704448306,0.7239502611689453,1,1,0.10676502865808199
6.579999999999882,0.009520865282522573,0.0032883009829769412,0.1148420740189885,0.7163120659245871,1,1,0.11027756254012493
6.5999999999998815,0.009511140842446433,0.003290402378347996,0.11484351999623636,0.7107609302377806,1,1,0.11573104583032397
6.619999999999881,0.009501910711966734,0.003297474721189954,0.1148505608979569,0.7083512863159033,1,1,0.12189396408660604
6.639999999999881,0.009503583181628066,0.003291803154544693,0.1148423580314698,0.7067198349322589,1,1,0.1201964241059873
6.65999999999988,0.009514313164428802,0.0032843955237639344,0.11483637847069846,0.7091232394261526,1,1,0.1196044200455441
6.67999999999988,0.00953267035641426,0.003282336699573042,0.11483378545563461,0.716128062967934,1,1,0.11929061940892911
6.699999999999879,0.009551164832811617,0.0032924988758624343,0.11483264499515451,0.7241417462669468,1,1,0.11850169676158662
6.719999999999879,0.009543334028163548,0.003349506871655463,0.11486283707810069,0.7329601603216853,1,1,0.11857467708811283
6.7399999999998785,0.009524571179670198,0.003387652586189279,0.11486654086803703,0.7322324897827209,1,1,0.1148885752451048
6.759999999999878,0.0095121837499451,0.00338683507948073,0.11485582323629528,0.7233191102761382,1,1,0.11233475311353487
6.779999999999878,0.009494324548467456,0.0033832486257971907,0.11485675583084105,0.7136200815342058,1,1,0.11605879836378608
6.799999999999877,0.00948878966521131,0.0033593597902661456,0.11484313092508143,0.7031951403736489,1,1,0.11449916000814647
6.819999999999877,0.009502340400069144,0.003321235851968081,0.11481913567124469,0.6975868681097043,1,1,0.11481271498186073
6.839999999999876,0.009513324886224741,0.00331844806678028,0.11482098682240341,0.7013375994387395,1,1,0.12284845531256872
6.859999999999876,0.009520949699968095,0.003342272885968117,0.11483654271952662,0.7115263350593656,1,1,0.12811140471800667
6.8799999999998755,0.009523228753005432,0.0033763827943115586,0.1148409526561167,0.7184604517309976,1,1,0.12317845685649705
6.899999999999875,0.009511690408178302,0.003420231456312064,0.11485727890611312,0.7228448285959431,1,1,0.12246759228619969
6.919999999999875,0.009497371692158899,0.003440401966238259,0.1148579352813339,0.7199122758257338,1,1,0.11983826051425088
6.939999999999874,0.009488469163331351,0.0034335623390576355,0.11484566133119876,0.7114384606871041,1,1,0.11504192041821594
6.959999999999874,0.009489956487993069,0.0034090842909107392,0.1148328404792129,0.704507530713382,1,1,0.11586025377423644
6.979999999999873,0.009499637270261293,0.003389345316855986,0.11482628952254537,0.7036051284416198,1,1,0.11831803199597074
6.999999999999873,0.009508178205218777,0.003394807321393428,0.11483138784806489,0.708472278278732,1,1,0.11953923829523556
7.019999999999873,0.00951658886247198,0.0034150169923670664,0.11484361272886998,0.7160741210327622,1,1,0.12043765873671082
7.039999999999872,0.009518176093158299,0.0034397297902685367,0.1148416222692846,0.7198602265566822,1,1,0.11308290118027435
7.059999999999872,0.009505710137145173,0.003472989598201318,0.11485430439984493,0.7213598028945961,1,1,0.11114697720208272
7.079999999999871,0.009490655464447356,0.0034880774609192125,0.11485071040883947,0.7158784061419423,1,1,0.10663725072924958
7.099999999999871,0.009478796986349071,0.003484222117097443,0.11484969215125072,0.7087753826559889,1,1,0.11026116406850438
7.11999999999987,0.009470340743196224,0.0034692524369756015,0.11483673319719466,0.7001745501646787,1,1,0.10855722620548842
7.13999999999987,0.009471629339294558,0.003446309646992929,0.1148248807383649,0.6956720874034341,1,1,0.11046372534867702
7.15999999999987,0.009473725487992012,0.003441017291461579,0.11482243074005848,0.6961013379584903,1,1,0.11187689807849374
7.179999999999869,0.009477177102487492,0.0034506608219122786,0.11482598347831503,0.6994519292873771,1,1,0.11340862571549655
7.199999999999869,0.009481255271791895,0.0034699035450732056,0.11483694080119831,0.7048815503075988,1,1,0.11550641611546827
7.219999999999868,0.009478993397268114,0.0034915235804246028,0.11483415619293226,0.7067030323913063,1,1,0.1096103479931751
7.239999999999868,0.009463348128098594,0.003521738075288316,0.1148464112922269,0.7064728141776734,1,1,0.1091526276894479
7.2599999999998674,0.009452481611555806,0.003522002633787351,0.11483416469027584,0.6999543130301034,1,1,0.10536896146468713
7.279999999999867,0.009444309319269675,0.0035119011232140015,0.11482752288865122,0.693837655356392,1,1,0.10946597336064577
7.299999999999867,0.009438837408109012,0.0035084870964795733,0.11483316487559984,0.6906046009973746,1,1,0.11477936505975313
7.319999999999866,0.00944556782601473,0.0034889009089433083,0.11480989960777616,0.685836775699225,1,1,0.1119089781980552
7.339999999999866,0.009458766817120533,0.0034764147063422357,0.11480457834898121,0.6886872789916396,1,1,0.11946040279169588
7.359999999999865,0.009471311862595996,0.0034853870878455116,0.11480626577592086,0.6952892840825928,1,1,0.12498080872999243
7.379999999999865,0.009465825077141917,0.0035372430567744955,0.1148419785626575,0.7052898604814176,1,1,0.12920984563783555
7.3999999999998645,0.009464654289937823,0.0035584216637484446,0.11483270274037942,0.7056256716917029,1,1,0.11795583376791201
7.419999999999864,0.009459482050680172,0.00356571464895268,0.114822748353695,0.7010728227867862,1,1,0.11315567556243832
7.439999999999864,0.009438845883336107,0.0035866990159423994,0.11483610037027897,0.6969457312692376,1,1,0.1152877340352552
7.459999999999863,0.009431224613573819,0.003572690351143399,0.11482188067493915,0.6877949231362996,1,1,0.11369985462608151
7.479999999999863,0.009432829177428714,0.0035502067528931053,0.11481118735835416,0.6822901886450884,1,1,0.11593093683582047
7.499999999999862,0.009442402673887088,0.0035355203323682847,0.11480626964327752,0.6829777379106725,1,1,0.11842222632999315
7.519999999999862,0.009458883024783852,0.0035326523833906225,0.11480473962733329,0.6894486780006286,1,1,0.11933609736888263
7.5399999999998615,0.009473263190149517,0.0035515188240889534,0.11481218889117739,0.6995278465702915,1,1,0.11896099147401673
7.559999999999861,0.009470867234542036,0.003594198225719666,0.11482740131931475,0.7076168858093277,1,1,0.1189781080384662
7.579999999999861,0.009455973892771306,0.003633614356834747,0.1148386008694564,0.7092486511863981,1,1,0.11495628364269378
7.59999999999986,0.00944623107379814,0.003635120190462079,0.11482545668354606,0.7022146162870341,1,1,0.10934558968669293
7.61999999999986,0.00944038367862129,0.0036175264753407787,0.11481097796415993,0.6923642122873146,1,1,0.11127281204029744
7.639999999999859,0.009427737540013054,0.0036153097306943684,0.114811016741425,0.6845312691030248,1,1,0.11680804113342763
7.659999999999859,0.009424989587670213,0.003601041016534727,0.11480095843296673,0.6784906138697746,1,1,0.12370294055239742
7.6799999999998585,0.009429317790709517,0.0035908355588598734,0.1147934455088627,0.6797076728590087,1,1,0.1307076624951488
7.699999999999858,0.009433099991302818,0.0036072484531430304,0.11480607222272428,0.6878979262499116,1,1,0.13528138822168037
7.719999999999858,0.009439953714530977,0.003631823982426313,0.11480945736843615,0.6976075207342843,1,1,0.12951344070649273
7.739999999999857,0.009450018977847379,0.0036569808134184244,0.11481837002496562,0.7080153975690686,1,1,0.12677702529759094
7.759999999999857,0.009455667845363247,0.0036792122104154523,0.11481497177697367,0.7128030998328764,1,1,0.11820695266949643
7.779999999999856,0.009441063865640387,0.0037172537139559506,0.11482904331997705,0.7143548089406084,1,1,0.11576602830191388
7.799999999999856,0.00943293977150293,0.003719152218190606,0.11482006595267312,0.708166833501479,1,1,0.11290520131043978
7.8199999999998555,0.009412983660732312,0.0037272810258414902,0.11482395303376704,0.7003687666662055,1,1,0.11651578485135779
7.839999999999855,0.00939884821754891,0.0037174699125051822,0.11481573844554177,0.6899113834101932,1,1,0.1164081359404341
7.859999999999855,0.00939709674763885,0.0036930396390798073,0.11480264249313997,0.6815828394388993,1,1,0.12028811825598189
7.879999999999854,0.009405380736510491,0.003674490886585392,0.11479573898175664,0.6802267579612271,1,1,0.12490037769065925
7.899999999999854,0.00942226719409025,0.003669090690155366,0.11479325641668639,0.6863202652839215,1,1,0.12760943859822055
7.919999999999853,0.009438419934768768,0.0036908386339143616,0.11480809176298493,0.6990305062255115,1,1,0.1283152826525559
7.939999999999853,0.009448224793943931,0.003722111143015745,0.11480873375675342,0.7081945316331039,1,1,0.11937541191624401
7.9599999999998525,0.009437306320716743,0.003770218684991008,0.11482441028628153,0.7137184617792821,1,1,0.11562851151718255
7.979999999999852,0.009426310178188452,0.0037837860686594075,0.11481492892808215,0.7089618042352327,1,1,0.11186263917069916
7.999999999999852,0.009411272769190323,0.0037861672697821988,0.11481679776146296,0.7017103446680181,1,1,0.11674441932608642
8.019999999999854,0.00940314576766667,0.003768593188075146,0.11480247476540421,0.6902772245565333,1,1,0.11712130415553196
8.039999999999857,0.009389825328216648,0.0037642725105372387,0.11480044762643737,0.681864786135927,1,1,0.12060721529598613
8.05999999999986,0.009387659209177978,0.0037478400333073553,0.1147885952459034,0.6766222329072367,1,1,0.12690769453285322
8.079999999999863,0.009395315794307559,0.003737031701959484,0.11478061591938123,0.6793775604525039,1,1,0.13327374274748172
8.099999999999866,0.009404199109430628,0.0037545272708047342,0.11479354624197108,0.6899209962655473,1,1,0.13712628863079682
8.11999999999987,0.00941756485371876,0.0037812463275060607,0.11479762284041206,0.7025294027155581,1,1,0.13075055559580387
8.139999999999873,0.00941976094388994,0.0038235205614284163,0.11480957667924677,0.7129115382538286,1,1,0.12738531426839927
8.159999999999876,0.009406415179647066,0.0038691022146612347,0.11482134448904387,0.716502419113804,1,1,0.12140459559734572
8.179999999999879,0.009393587619784502,0.0038855326053726805,0.11482494858228393,0.7129865522782246,1,1,0.11670779593000662
8.199999999999882,0.009388989788187098,0.00386871949828901,0.11480761130634302,0.702629251292802,1,1,0.11145992259561649
8.219999999999885,0.009382116582851945,0.003852300674409471,0.11479551135736814,0.6929647768804719,1,1,0.1118109108337846
8.239999999999888,0.009372505618498334,0.003848514915424597,0.11479346468744088,0.6858463611513753,1,1,0.11686267446333999
8.259999999999891,0.00936603557954304,0.003848971731366498,0.11479852005001256,0.6830235710860254,1,1,0.12400396923155012
8.279999999999895,0.00936438600107183,0.003851910127401686,0.1147971458102095,0.6823643272314139,1,1,0.12282868309658211
8.299999999999898,0.009375599505299675,0.0038444463318965177,0.11478858046558325,0.6838326518052851,1,1,0.1237575251025656
8.3199999999999,0.00938029209826064,0.0038610126954878943,0.1147990867135234,0.690195855658431,1,1,0.12585165524644223
8.339999999999904,0.009389562892731013,0.003872248379585866,0.11479519218315702,0.694826966306283,1,1,0.11992497016405226
8.359999999999907,0.009379010837243651,0.00391138678562623,0.1148118034763913,0.6993887832902165,1,1,0.11790649786866257
8.37999999999991,0.009375848875402895,0.0039188528852904,0.1148044337574983,0.697009075802653,1,1,0.11418334629166979
8.399999999999913,0.009361964740246911,0.003932213923460913,0.11480906066957655,0.693310668059323,1,1,0.11688021560137062
8.419999999999916,0.009348342391933915,0.003931964025281386,0.11480116244797664,0.6848617493367741,1,1,0.11621050333050652
8.43999999999992,0.009341689936413407,0.003916966988308299,0.11478859355019261,0.6752580026419072,1,1,0.1210154215870788
8.459999999999923,0.009336696642586198,0.0039105735598089384,0.11479266600926381,0.6726516879953897,1,1,0.12875236583996075
8.479999999999926,0.009344859598955327,0.003899282281370851,0.11478437859001102,0.6734857460786395,1,1,0.1269679024463244
8.499999999999929,0.00936444489206809,0.0038921505333947993,0.11477945301812706,0.6798242932207278,1,1,0.1255375714479459
8.519999999999932,0.009386597512933068,0.0038987353171001746,0.11477709541855707,0.6893157825075342,1,1,0.12403899662263129
8.539999999999935,0.009385222647865983,0.003954024939550198,0.11480682028684232,0.7019640266948634,1,1,0.12352279406616114
8.559999999999938,0.009374676613932422,0.003992518062713865,0.1148107758004347,0.705703643094121,1,1,0.11919528426964622
8.579999999999941,0.00936532800173272,0.00399861900039162,0.11479958824568594,0.6998158851646362,1,1,0.11590930452777227
8.599999999999945,0.00935254582837875,0.003997587560936502,0.11480146104880523,0.6928244994710907,1,1,0.120495141363225
8.619999999999948,0.009338530472684141,0.003991887728486708,0.1147946701550091,0.6831690859450612,1,1,0.12029088847704782
8.63999999999995,0.009337169824770527,0.003967293823814433,0.11478027921883519,0.6748288170530397,1,1,0.12458235390591237
8.659999999999954,0.009345608409871394,0.00394722145675376,0.11477166273757893,0.6744749206391422,1,1,0.13005426550932245
8.679999999999957,0.009355172676766,0.00395663146055333,0.11478362986028737,0.6833608307259008,1,1,0.13349262644179616
8.69999999999996,0.009377150314039443,0.003964486750855723,0.114780772848413,0.693280501163722,1,1,0.12632590523571322
8.719999999999963,0.00937617031341218,0.004014402615907187,0.11480238774441394,0.7049751448487769,1,1,0.1206117006367465
8.739999999999966,0.009374276061277905,0.004043106299465419,0.11480013553813612,0.708348548984864,1,1,0.11238354348052888
8.75999999999997,0.009362371121126294,0.004062150324583594,0.11480232768028131,0.7067051753501129,1,1,0.11335109916693213
8.779999999999973,0.009342087208791946,0.0040755441918801,0.11480815372502091,0.7003853190878551,1,1,0.11323991441825963
8.799999999999976,0.009329625240862598,0.00406024755144551,0.11479315771677778,0.6882047649669687,1,1,0.11035689244977115
8.819999999999979,0.009323493613015793,0.004035223461409594,0.11477801608646968,0.6769223640280913,1,1,0.11345998488380846
8.839999999999982,0.00932892747964279,0.004010243345360122,0.11476829943718493,0.6719250492744913,1,1,0.11889941991944804
8.859999999999985,0.009335507701434142,0.004011047818850124,0.11477208847295878,0.6752042486626103,1,1,0.12266539193592836
8.879999999999988,0.009336234239270318,0.004038450998890679,0.11478688946988533,0.6826955681246757,1,1,0.1254317570739313
8.899999999999991,0.009333694945177955,0.0040735375867696,0.11480222820106975,0.6897008501765245,1,1,0.12089533696839759
8.919999999999995,0.009329901313319943,0.004091195310749376,0.1147936418797727,0.6896344052556137,1,1,0.11210869604667088
8.939999999999998,0.009316030516065204,0.004111442033395219,0.11480234753703933,0.6883013741360287,1,1,0.11157140313028202
8.96,0.009309504054917832,0.004104651404537888,0.11478978235672968,0.6811409583029429,1,1,0.10836065506783098
8.980000000000004,0.00930070951760792,0.0040989632343604475,0.11478412204705632,0.6744524972673657,1,1,0.11150234491081769
9.000000000000007,0.009288444693312642,0.004103995243740172,0.11479068135276807,0.6706132666464925,1,1,0.11787803724580055
9.02000000000001,0.009290422359358444,0.004090217097948174,0.11477922882458379,0.6662189667419379,1,1,0.11747314917571106
9.040000000000013,0.009297256417767996,0.004080767330328941,0.11477070092752838,0.6651442203022827,1,1,0.11865404518071122
9.060000000000016,0.009306128751351839,0.004084416562392185,0.11477214438842812,0.669501213129087,1,1,0.1210997542759168
9.08000000000002,0.009309363469592007,0.004108772754453029,0.11478537404985346,0.677118383756336,1,1,0.1242225996734868
9.100000000000023,0.009301963817292955,0.004145374064049028,0.11479937579098558,0.6827073632479571,1,1,0.12042705096477643
9.120000000000026,0.009294122497524444,0.00416331653300901,0.11479544326748581,0.6814968007815557,1,1,0.11371022041172002
9.140000000000029,0.009284343367347875,0.004168047191525626,0.1147949809185144,0.6774886391883259,1,1,0.11548168608256251
9.160000000000032,0.009280976558828173,0.004156399046968523,0.11478374483822017,0.6707420737991775,1,1,0.11346850893402186
9.180000000000035,0.009281580014011312,0.004145977158895449,0.11477950514645524,0.6672698729332991,1,1,0.11550650508528258
9.200000000000038,0.00929393128335938,0.004130978298647277,0.11477115834596416,0.6672294890404165,1,1,0.11962971136369963
9.220000000000041,0.009298873463813882,0.004145056527863116,0.11478220029533318,0.6735046178656815,1,1,0.12348430969461707
9.240000000000045,0.009300238422189308,0.0041684775873747654,0.1147858333273815,0.6785586663287578,1,1,0.11834093353435912
9.260000000000048,0.009297932537681273,0.004187946150808906,0.1147903932326817,0.6816630050755379,1,1,0.11819409425230061
9.28000000000005,0.009287072358237699,0.00420703560190805,0.11478814897044493,0.6795542399681443,1,1,0.11400951668578217
9.300000000000054,0.009273460146838728,0.004215297871009425,0.1147904956972868,0.6752794901277699,1,1,0.11747243748534412
9.320000000000057,0.009266234795232852,0.0042079974279527225,0.11478360789688803,0.6685546040698865,1,1,0.11719429903561061
9.34000000000006,0.00927160029081051,0.004186631441173341,0.11477162938090056,0.6635295627952327,1,1,0.12066925883864647
9.360000000000063,0.009279412883309147,0.0041766490910707344,0.11476503460066818,0.6635647281098634,1,1,0.12495679136702742
9.380000000000067,0.009287701844944795,0.004185035233726351,0.11477474726461576,0.670709017996544,1,1,0.1288438316456085
9.40000000000007,0.009307875741666352,0.004187393709114665,0.11477012099513609,0.6780548029405619,1,1,0.12310040384445871
9.420000000000073,0.009304695326495756,0.004231482947884557,0.11479092852373239,0.6882640517624125,1,1,0.1187545004634975
9.440000000000076,0.009300397173881526,0.004256625909817847,0.11478851453304013,0.6902511298349323,1,1,0.11142758197557633
9.460000000000079,0.00928596804922771,0.004274165919229557,0.11479063898912886,0.6876126822916027,1,1,0.11291576670246775
9.480000000000082,0.009278157466475964,0.004266637231159297,0.11478198192124507,0.6797854844347314,1,1,0.11298064531860881
9.500000000000085,0.009268567591408504,0.004257639678912514,0.11477179148765908,0.6704923322600695,1,1,0.11742274287144824
9.520000000000088,0.00925299887065467,0.0042642732448351026,0.11478247472925855,0.6665827303442915,1,1,0.12550735225299947
9.540000000000092,0.009251491028916878,0.004252134737379806,0.11477040001160912,0.6621478003115377,1,1,0.12604100207072905
9.560000000000095,0.00926198816910116,0.0042386255525250745,0.11476189818647853,0.6630819234612719,1,1,0.12799045657851588
9.580000000000098,0.00927433930683915,0.004248977503589271,0.11477322077026483,0.67219205537333,1,1,0.1295061937984016
9.600000000000101,0.009290615826238783,0.004261678743519213,0.11477000327996717,0.680299583935613,1,1,0.12155088794003772
9.620000000000104,0.009294237263389314,0.004291472905991813,0.11477377280020953,0.6874794176024811,1,1,0.11652759040129848
9.640000000000107,0.009286168052127215,0.004326198077522996,0.11478749631769118,0.6923589990125961,1,1,0.11833223365393836
9.66000000000011,0.00926966415663944,0.004347204613159332,0.11478932954110944,0.6897671402144115,1,1,0.11792367377960042
9.680000000000113,0.009260546193296911,0.004338425215486921,0.11477893232140625,0.6809425736887494,1,1,0.11646380927744378
9.700000000000117,0.009247596437129045,0.004333071051343817,0.1147802301850513,0.6737968309016722,1,1,0.12035129403783432
9.72000000000012,0.009248479485836805,0.004311201108692691,0.11476748475372212,0.6665495747826603,1,1,0.11814055382171669
9.740000000000123,0.009260434784412144,0.0042925403201217295,0.11475983979701625,0.6656190234021749,1,1,0.11750798676109685
9.760000000000126,0.009273222351125819,0.004295590640845052,0.11476008357648462,0.6713392909306218,1,1,0.1163976421787465
9.780000000000129,0.009280611751056135,0.004317474293433796,0.11476417780526578,0.6787182220167133,1,1,0.11595288985974347
9.800000000000132,0.009274862709292162,0.004358288385007113,0.11478222120149892,0.6865488367292931,1,1,0.11851929589476538
9.820000000000135,0.00926020452287521,0.004387990234654885,0.11478621545722854,0.6872658306505763,1,1,0.1172724386292637
9.840000000000138,0.009246626435567657,0.004390951860908358,0.11477610993648657,0.6796133515160713,1,1,0.11513203513463131
9.860000000000142,0.009229865426629567,0.004389713731719558,0.11477829501426609,0.6719765825619091,1,1,0.12008538047962292
9.880000000000145,0.009227181493437072,0.0043662719086606395,0.11476437635753538,0.6629626100441033,1,1,0.11999159687346075
9.900000000000148,0.00923572216026745,0.00434360625210331,0.11475542682727685,0.6600693379519564,1,1,0.12158582629100469
9.920000000000151,0.009253856037486241,0.0043332019552897345,0.11475202539281044,0.6648986552379472,1,1,0.12256697109403465
9.940000000000154,0.009273786932650295,0.00434078684344746,0.11475087754435154,0.6737810227080869,1,1,0.12201842351852862
9.960000000000157,0.009269883530648814,0.004397452708502004,0.11478104016755591,0.6870341959711316,1,1,0.1217908657685939
9.98000000000016,0.009257188930222565,0.004436672797106705,0.11478509461515787,0.6909336005536025,1,1,0.1176288158272504
10.000000000000163,0.009245697171410421,0.004442829068826087,0.11477402486343036,0.6846805315221522,1,1,0.11461995971323406
